{
  "model_parameters": {
    "optimal_k": 7,
    "fuzzy_m": 2.9871794871794872,
    "feature_weights": {
      "academic": 0.4,
      "achievement": 0.35,
      "organizational": 0.25
    }
  },
  "prediction_analysis": {
    "predictions": [
      1,
      1,
      1,
      1,
      1,
      1,
      1,
      1,
      1,
      0,
      1,
      1,
      1,
      1,
      1,
      1,
      1,
      1,
      1,
      1,
      1,
      1,
      0
    ],
    "confidence_scores": [
      1.0,
      0.8626400712777661,
      1.0,
      0.5117450268675113,
      0.7142938143309281,
      1.0,
      1.0,
      1.0,
      1.0,
      0.5838663700303325,
      1.0,
      1.0,
      1.0,
      0.8724832039715539,
      1.0,
      1.0,
      1.0,
      0.8509412557488901,
      1.0,
      0.7159277834646782,
      1.0,
      0.8463265553053319,
      0.7064860018622355
    ],
    "uncertainty_scores": [
      -1.442695024907551e-08,
      0.577282693308227,
      -1.442695024907551e-08,
      0.9996019075059628,
      0.8631098318034831,
      -1.442695024907551e-08,
      -1.442695024907551e-08,
      -1.442695024907551e-08,
      -1.442695024907551e-08,
      0.979609134137839,
      -1.442695024907551e-08,
      -1.442695024907551e-08,
      -1.442695024907551e-08,
      0.5505884163550699,
      -1.442695024907551e-08,
      -1.442695024907551e-08,
      -1.442695024907551e-08,
      0.6074797619226713,
      -1.442695024907551e-08,
      0.8609403006643116,
      -1.442695024907551e-08,
      0.6189572341390193,
      0.873217323334545
    ],
    "mean_confidence": 0.8984656557764881,
    "mean_uncertainty": 0.3013385391823402
  },
  "feature_importance": {
    "feature_importance": {
      "graduation_status": 1.0,
      "ipk_progression": 0.6494726309451169,
      "leadership_experience": 0.6979768325074976,
      "academic_trend": 0.5997259210595762,
      "academic_excellence": 0.5846666666666669,
      "criteria_met": 0.5586626137243863,
      "final_ipk": 0.3795494707816588,
      "avg_ips": 0.4525630917580486,
      "international_achievements": 0.6879689071293223,
      "academic_orgs": 1.0,
      "achievement_diversity": 0.9144976692012479,
      "final_sks": 0.3744206647458666,
      "total_prestasi": 0.8751927588585823
    },
    "group_importance": {
      "academic": 0.13580019523679823,
      "other": 0.15275143358159002,
      "achievement": 0.013882558949002798,
      "organizational": -0.10374912212114504
    },
    "top_features": [
      [
        "graduation_status",
        1.0
      ],
      [
        "academic_orgs",
        1.0
      ],
      [
        "achievement_diversity",
        0.9144976692012479
      ],
      [
        "total_prestasi",
        0.8751927588585823
      ],
      [
        "leadership_experience",
        0.6979768325074976
      ],
      [
        "international_achievements",
        0.6879689071293223
      ],
      [
        "ipk_progression",
        0.6494726309451169
      ],
      [
        "academic_trend",
        0.5997259210595762
      ],
      [
        "academic_excellence",
        0.5846666666666669
      ],
      [
        "criteria_met",
        0.5586626137243863
      ]
    ]
  }
}