,accuracy,precision,recall,f1_score
Random_Forest,0.8,0.8571428571428571,0.8571428571428571,0.8571428571428571
KNN,0.7,0.75,0.8571428571428571,0.8
Enhanced_Fuzzy_KNN,0.7,0.7,1.0,0.8235294117647058
